<?xml version='1.1' encoding='UTF-8'?>
<Tag plugin="workflow-support@2.18">
  <node class="cps.n.StepStartNode" plugin="workflow-cps@2.53">
    <parentIds>
      <string>9</string>
    </parentIds>
    <id>10</id>
    <descriptorId>org.jenkinsci.plugins.workflow.steps.EnvStep</descriptorId>
  </node>
  <actions>
    <wf.a.TimingAction plugin="workflow-api@2.27">
      <startTime>1527517400976</startTime>
    </wf.a.TimingAction>
    <s.a.LogActionImpl>
      <charset>UTF-8</charset>
    </s.a.LogActionImpl>
    <cps.a.ArgumentsActionImpl plugin="workflow-cps@2.53">
      <arguments>
        <entry>
          <string>overrides</string>
          <list>
            <string>GIT_BRANCH=564297</string>
            <string>GIT_COMMIT=83c2b241ead20b7c3a0845b5b8f9f81836d292d0</string>
            <string>GIT_PREVIOUS_COMMIT=c93574b509b385c9281c4453f568a15271244f31</string>
            <string>GIT_PREVIOUS_SUCCESSFUL_COMMIT=c93574b509b385c9281c4453f568a15271244f31</string>
            <string>GIT_URL=https://bitbucket.org/thumbtacktech/thumbtack-xonix-mind.git</string>
          </list>
        </entry>
      </arguments>
      <isUnmodifiedBySanitization>true</isUnmodifiedBySanitization>
    </cps.a.ArgumentsActionImpl>
  </actions>
</Tag>