<?xml version='1.1' encoding='UTF-8'?>
<Tag plugin="workflow-support@2.18">
  <node class="cps.n.StepAtomNode" plugin="workflow-cps@2.53">
    <parentIds>
      <string>6</string>
    </parentIds>
    <id>7</id>
    <descriptorId>org.jenkinsci.plugins.workflow.steps.scm.GenericSCMStep</descriptorId>
  </node>
  <actions>
    <wf.a.TimingAction plugin="workflow-api@2.27">
      <startTime>1527518698833</startTime>
    </wf.a.TimingAction>
    <s.a.LogActionImpl>
      <charset>UTF-8</charset>
    </s.a.LogActionImpl>
    <cps.a.ArgumentsActionImpl plugin="workflow-cps@2.53">
      <arguments>
        <entry>
          <string>scm</string>
          <hudson.plugins.git.GitSCM plugin="git@3.9.0">
            <configVersion>2</configVersion>
            <userRemoteConfigs>
              <hudson.plugins.git.UserRemoteConfig>
                <name>origin</name>
                <refspec>+refs/heads/564297:refs/remotes/origin/564297</refspec>
                <url>https://bitbucket.org/thumbtacktech/thumbtack-xonix-mind.git</url>
                <credentialsId>emekbitbucket</credentialsId>
              </hudson.plugins.git.UserRemoteConfig>
            </userRemoteConfigs>
            <branches class="singleton-list">
              <hudson.plugins.git.BranchSpec>
                <name>564297</name>
              </hudson.plugins.git.BranchSpec>
            </branches>
            <doGenerateSubmoduleConfigurations>false</doGenerateSubmoduleConfigurations>
            <browser class="hudson.plugins.git.browser.BitbucketWeb">
              <url>https://bitbucket.org/thumbtacktech/thumbtack-xonix-mind</url>
            </browser>
            <submoduleCfg class="empty-list"/>
            <extensions>
              <jenkins.plugins.git.GitSCMSourceDefaults>
                <includeTags>false</includeTags>
              </jenkins.plugins.git.GitSCMSourceDefaults>
              <hudson.plugins.git.extensions.impl.BuildChooserSetting>
                <buildChooser class="jenkins.plugins.git.AbstractGitSCMSource$SpecificRevisionBuildChooser">
                  <revision plugin="git-client@2.7.2">
                    <sha1 serialization="custom">
                      <unserializable-parents>
                        <w1>646458439</w1>
                        <w2>1313077404</w2>
                        <w3>-928821674</w3>
                        <w4>-530237029</w4>
                        <w5>-78878355</w5>
                      </unserializable-parents>
                      <org.eclipse.jgit.lib.ObjectId>
                        <int>646458439</int>
                        <int>1313077404</int>
                        <int>-928821674</int>
                        <int>-530237029</int>
                        <int>-78878355</int>
                      </org.eclipse.jgit.lib.ObjectId>
                    </sha1>
                    <branches class="singleton-set">
                      <hudson.plugins.git.Branch>
                        <sha1 reference="../../../sha1"/>
                        <name>564297</name>
                      </hudson.plugins.git.Branch>
                    </branches>
                  </revision>
                </buildChooser>
              </hudson.plugins.git.extensions.impl.BuildChooserSetting>
            </extensions>
          </hudson.plugins.git.GitSCM>
        </entry>
      </arguments>
      <isUnmodifiedBySanitization>true</isUnmodifiedBySanitization>
    </cps.a.ArgumentsActionImpl>
  </actions>
</Tag>