<?xml version='1.1' encoding='UTF-8'?>
<com.cloudbees.jenkins.plugins.bitbucket.endpoints.BitbucketEndpointConfiguration plugin="cloudbees-bitbucket-branch-source@2.2.11">
  <endpoints>
    <com.cloudbees.jenkins.plugins.bitbucket.endpoints.BitbucketCloudEndpoint>
      <manageHooks>false</manageHooks>
    </com.cloudbees.jenkins.plugins.bitbucket.endpoints.BitbucketCloudEndpoint>
    <com.cloudbees.jenkins.plugins.bitbucket.endpoints.BitbucketServerEndpoint>
      <manageHooks>true</manageHooks>
      <credentialsId>emekbitbucket</credentialsId>
      <displayName>bbs</displayName>
      <serverUrl>https://bitbucket.org/thumbtacktech</serverUrl>
    </com.cloudbees.jenkins.plugins.bitbucket.endpoints.BitbucketServerEndpoint>
  </endpoints>
</com.cloudbees.jenkins.plugins.bitbucket.endpoints.BitbucketEndpointConfiguration>