<?xml version='1.1' encoding='UTF-8'?>
<org.jenkinsci.plugins.stashNotifier.StashNotifier_-DescriptorImpl plugin="stashNotifier@1.13">
  <stashRootUrl></stashRootUrl>
  <ignoreUnverifiedSsl>false</ignoreUnverifiedSsl>
  <includeBuildNumberInKey>false</includeBuildNumberInKey>
  <prependParentProjectKey>false</prependParentProjectKey>
  <disableInprogressNotification>false</disableInprogressNotification>
  <considerUnstableAsSuccess>false</considerUnstableAsSuccess>
</org.jenkinsci.plugins.stashNotifier.StashNotifier_-DescriptorImpl>