<?xml version='1.1' encoding='UTF-8'?>
<jenkins.branch.MultiBranchProject_-State plugin="branch-api@2.0.20">
  <sourceActions>
    <entry>
      <string>com.cloudbees.jenkins.plugins.bitbucket.BitbucketSCMNavigator::https://bitbucket.org::thumbtacktech::thumbtack-xonix-mind</string>
      <list>
        <com.cloudbees.jenkins.plugins.bitbucket.BitbucketRepoMetadataAction plugin="cloudbees-bitbucket-branch-source@2.2.11">
          <scm>git</scm>
        </com.cloudbees.jenkins.plugins.bitbucket.BitbucketRepoMetadataAction>
        <com.cloudbees.jenkins.plugins.bitbucket.BitbucketDefaultBranch plugin="cloudbees-bitbucket-branch-source@2.2.11">
          <repoOwner>thumbtacktech</repoOwner>
          <repository>thumbtack-xonix-mind</repository>
          <defaultBranch>master</defaultBranch>
        </com.cloudbees.jenkins.plugins.bitbucket.BitbucketDefaultBranch>
        <com.cloudbees.jenkins.plugins.bitbucket.BitbucketLink plugin="cloudbees-bitbucket-branch-source@2.2.11">
          <iconClassName>icon-bitbucket-repo</iconClassName>
          <url>https://bitbucket.org/thumbtacktech/thumbtack-xonix-mind</url>
        </com.cloudbees.jenkins.plugins.bitbucket.BitbucketLink>
        <jenkins.scm.api.metadata.ObjectMetadataAction plugin="scm-api@2.2.7">
          <objectDisplayName>thumbtack-xonix-mind</objectDisplayName>
          <objectUrl>https://bitbucket.org/thumbtacktech/thumbtack-xonix-mind</objectUrl>
        </jenkins.scm.api.metadata.ObjectMetadataAction>
      </list>
    </entry>
  </sourceActions>
</jenkins.branch.MultiBranchProject_-State>