<?xml version='1.1' encoding='UTF-8'?>
<jenkins.branch.OrganizationFolder_-OrganizationScan plugin="branch-api@2.0.20">
  <actions>
    <hudson.model.CauseAction>
      <causeBag class="linked-hash-map">
        <entry>
          <hudson.triggers.TimerTrigger_-TimerTriggerCause/>
          <int>1</int>
        </entry>
      </causeBag>
    </hudson.model.CauseAction>
    <io.jenkins.blueocean.service.embedded.BlueOceanUrlAction plugin="blueocean-rest-impl@1.5.0">
      <blueOceanUrlObject class="io.jenkins.blueocean.service.embedded.BlueOceanUrlObjectImpl">
        <mappedUrl>blue/organizations/jenkins/pipelines/</mappedUrl>
      </blueOceanUrlObject>
    </io.jenkins.blueocean.service.embedded.BlueOceanUrlAction>
  </actions>
  <result>
    <name>SUCCESS</name>
    <ordinal>0</ordinal>
    <color>BLUE</color>
    <completeBuild>true</completeBuild>
  </result>
  <durations>
    <long>12865</long>
  </durations>
  <timestamp>1527520080961</timestamp>
  <duration>12865</duration>
</jenkins.branch.OrganizationFolder_-OrganizationScan>