<?xml version='1.1' encoding='UTF-8'?>
<jenkins.branch.OrganizationFolder_-State plugin="branch-api@2.0.20">
  <actions>
    <entry>
      <string>com.cloudbees.jenkins.plugins.bitbucket.BitbucketSCMNavigator::https://bitbucket.org::thumbtacktech</string>
      <list>
        <jenkins.scm.api.metadata.ObjectMetadataAction plugin="scm-api@2.2.7">
          <objectDisplayName>Thumbtack Technology Inc.</objectDisplayName>
          <objectUrl>https://bitbucket.org/thumbtacktech/</objectUrl>
        </jenkins.scm.api.metadata.ObjectMetadataAction>
        <com.cloudbees.jenkins.plugins.bitbucket.BitbucketTeamMetadataAction plugin="cloudbees-bitbucket-branch-source@2.2.11">
          <avatarUrl>https://bitbucket.org/account/thumbtacktech/avatar/32/</avatarUrl>
        </com.cloudbees.jenkins.plugins.bitbucket.BitbucketTeamMetadataAction>
        <com.cloudbees.jenkins.plugins.bitbucket.BitbucketLink plugin="cloudbees-bitbucket-branch-source@2.2.11">
          <iconClassName>icon-bitbucket-logo</iconClassName>
          <url>https://bitbucket.org/thumbtacktech/</url>
        </com.cloudbees.jenkins.plugins.bitbucket.BitbucketLink>
      </list>
    </entry>
  </actions>
</jenkins.branch.OrganizationFolder_-State>