<?xml version='1.1' encoding='UTF-8'?>
<Tag plugin="workflow-support@2.18">
  <node class="cps.n.StepStartNode" plugin="workflow-cps@2.53">
    <parentIds>
      <string>5</string>
    </parentIds>
    <id>6</id>
    <descriptorId>org.jenkinsci.plugins.workflow.support.steps.StageStep</descriptorId>
  </node>
  <actions>
    <wf.a.BodyInvocationAction plugin="workflow-api@2.27"/>
    <wf.a.LabelAction plugin="workflow-api@2.27">
      <displayName>Declarative: Checkout SCM</displayName>
    </wf.a.LabelAction>
    <wf.a.TimingAction plugin="workflow-api@2.27">
      <startTime>1527516841630</startTime>
    </wf.a.TimingAction>
    <wf.a.TagsAction plugin="workflow-api@2.27">
      <tags>
        <entry>
          <string>SYNTHETIC_STAGE</string>
          <string>PRE</string>
        </entry>
      </tags>
    </wf.a.TagsAction>
  </actions>
</Tag>